step,accuracy,success probability
0.0,0.4999999668970704,1.0
5.0,0.6650888101384044,0.40903509784387493
10.0,0.7675252050347626,0.225931775884104
15.0,0.8226509621404111,0.14087526645236087
20.0,0.8595188226625323,0.10563417244494101
25.0,0.8788506262563169,0.08567517502925727
30.0,0.8934358091838658,0.0696058058962258
35.0,0.9045196562744677,0.05874651577609617
40.0,0.9073143406137824,0.052090261244424764
45.0,0.914925484944135,0.047296937753856114
50.0,0.9222751387506724,0.040272211817378445
55.0,0.9284656056985259,0.036602560929910474
60.0,0.9283990811556577,0.032144421732834966
65.0,0.9322701911162585,0.027853244032776992
70.0,0.9385410762391985,0.025895745262270956
75.0,0.9352460887599736,0.02416773851164802
80.0,0.9435053787957877,0.02174528809240812
85.0,0.9437513976618648,0.017455201204168068
90.0,0.9459540365040302,0.01610698822176186
95.0,0.945940254766494,0.015749835181605887
100.0,0.9457214292027056,0.015096118520987972
105.0,0.9425540462955833,0.014651880204002068
110.0,0.9459153581876307,0.014234275801553785
115.0,0.942010691517964,0.012832228147601854
120.0,0.9476717048790306,0.011231839406628797
125.0,0.946150670543313,0.010420272148525062
130.0,0.9496195807624608,0.009505876585421584
135.0,0.9472686452586204,0.008972214312380622
140.0,0.9503865748867393,0.008161912638178415
145.0,0.9501860547848046,0.007431425643638882
150.0,0.9470651345197111,0.00720487810748388
155.0,0.9486713966950774,0.006844272138634218
160.0,0.9456298094503581,0.006654524836912169
165.0,0.9491777953635901,0.006123265228941572
170.0,0.9288874634150416,0.004745283173799028
175.0,0.9451461407449097,0.004443168752676293
180.0,0.9504512888845056,0.004272301146959732
185.0,0.9457863836921752,0.004095504474625919
190.0,0.9498433275334537,0.0031722180110539612
195.0,0.9463519674949348,0.003009354418191574
200.0,0.9454454984553158,0.0026810437045428994
